2026-02-03 18:13:25.167128,Rebecca,try_style,futuristic_braided.png
2026-02-03 18:17:50.851810,Rebecca,try_style,cornrows.png
2026-02-03 18:19:55.852117,Rebecca,try_style,galactic_knots.png
2026-02-03 18:20:02.421921,Rebecca,try_style,galactic_knots.png
2026-02-03 18:20:02.611558,Rebecca,download,galactic_knots.png
2026-02-03 18:23:45.237851,Rebecca,try_style,afro_crown.png
2026-02-03 18:25:11.096203,Rebecca,try_style,afro_crown.png
2026-02-03 20:03:04.251367,Rebecca,apply_recommendation,cornrows.png
2026-02-03 20:08:23.210437,Rebecca,apply_recommendation,cornrows.png
2026-02-03 20:12:02.473613,Rebecca,apply_recommendation,cornrows.png
2026-02-03 20:21:06.306355,Rebecca,apply_recommendation,cornrows.png
2026-02-03 20:25:15.000431,Rebecca,try_style,cornrows.png
2026-02-03 20:58:20.466541,Rebecca,apply_recommendation,cornrows.png
2026-02-03 20:58:20.779256,Rebecca,try_style,cornrows.png
2026-02-03 20:58:29.842398,Rebecca,try_style,twists.png
2026-02-03 21:00:01.325304,Rebecca,try_style,afro_crown.png
2026-02-03 21:00:17.122304,Rebecca,try_style,galactic_knots.png
